TransactionID,CustomerID,CarID,Rental Date,NumOfDays,OptionalDailyInsurance
6087,9,45,1/3/2019,2,7.00
6088,537,30,1/4/2019,14,26.00
6089,62,19,1/6/2019,2,0.00
6090,698,63,1/6/2019,6,0.00
6091,466,71,1/7/2019,12,0.00
6092,770,38,1/7/2019,12,0.00
6093,660,60,1/8/2019,7,0.00
6094,715,73,1/9/2019,6,0.00
6095,906,26,1/9/2019,1,0.00
6096,573,25,1/10/2019,4,0.00
6097,414,26,1/12/2019,5,0.00
6098,597,12,1/13/2019,2,7.00
6099,120,10,1/15/2019,8,0.00
6100,227,43,1/15/2019,6,0.00
6101,32,48,1/18/2019,2,0.00
6102,927,64,1/19/2019,7,0.00
6103,82,17,1/19/2019,9,0.00
6104,937,34,1/20/2019,14,0.00
6105,924,18,1/20/2019,6,7.00
6106,976,31,1/21/2019,7,0.00
6107,406,51,1/21/2019,14,12.00
6108,811,14,1/21/2019,8,0.00
6109,949,3,1/22/2019,12,0.00
6110,614,50,1/22/2019,3,0.00
6111,426,66,1/22/2019,12,0.00
6112,526,18,1/23/2019,6,0.00
6113,774,26,1/24/2019,13,12.00
6114,544,48,1/24/2019,11,0.00
6115,651,60,1/24/2019,1,0.00
6116,776,22,1/25/2019,4,0.00
6117,688,44,1/27/2019,1,0.00
6118,204,33,1/29/2019,2,26.00
6119,149,27,1/30/2019,9,0.00
6120,368,37,2/1/2019,5,0.00
6121,340,6,2/2/2019,14,7.00
6122,570,1,2/6/2019,1,10.00
6123,504,9,2/6/2019,2,0.00
6124,919,64,2/7/2019,11,0.00
6125,879,75,2/7/2019,10,0.00
6126,855,63,2/7/2019,2,10.00
6127,219,59,2/9/2019,1,0.00
6128,871,11,2/9/2019,10,0.00
6129,657,16,2/10/2019,6,10.00
6130,280,49,2/11/2019,6,7.00
6131,617,72,2/12/2019,13,0.00
6132,234,1,2/12/2019,2,10.00
6133,222,23,2/15/2019,4,0.00
6134,207,64,2/15/2019,2,12.00
6135,698,22,2/15/2019,2,0.00
6136,115,33,2/16/2019,10,0.00
6137,195,31,2/18/2019,9,0.00
6138,207,75,2/19/2019,6,0.00
6139,972,39,2/20/2019,9,0.00
6140,936,30,2/21/2019,9,0.00
6141,799,7,2/21/2019,3,0.00
6142,505,11,2/21/2019,6,0.00
6143,241,71,2/22/2019,7,0.00
6144,928,71,2/23/2019,2,0.00
6145,103,74,2/23/2019,12,7.00
6146,971,18,2/23/2019,8,0.00
6147,309,23,2/23/2019,6,0.00
6148,230,19,2/24/2019,14,0.00
6149,332,61,2/27/2019,2,0.00
6150,483,13,2/27/2019,1,0.00
6151,276,13,2/28/2019,2,0.00
6152,608,40,2/28/2019,6,0.00
6153,635,26,2/28/2019,2,0.00
6154,971,9,3/2/2019,12,0.00
6155,583,67,3/2/2019,2,0.00
6156,657,61,3/5/2019,4,10.00
6157,245,73,3/5/2019,6,0.00
6158,413,34,3/6/2019,9,0.00
6159,292,42,3/6/2019,7,7.00
6160,839,42,3/9/2019,2,0.00
6161,237,19,3/10/2019,2,0.00
6162,585,64,3/10/2019,2,12.00
6163,897,54,3/12/2019,5,0.00
6164,229,38,3/13/2019,8,0.00
6165,970,70,3/15/2019,1,0.00
6166,296,67,3/15/2019,3,7.00
6167,20,29,3/15/2019,5,0.00
6168,205,22,3/17/2019,2,0.00
6169,206,69,3/19/2019,12,0.00
6170,713,74,3/20/2019,7,7.00
6171,503,67,3/20/2019,6,0.00
6172,124,14,3/23/2019,2,7.00
6173,780,22,3/24/2019,12,0.00
6174,349,1,3/24/2019,6,0.00
6175,543,46,3/27/2019,13,0.00
6176,641,58,3/28/2019,13,0.00
6177,853,18,3/28/2019,5,0.00
6178,466,21,3/28/2019,2,7.00
6179,782,54,3/28/2019,9,0.00
6180,493,26,4/1/2019,9,0.00
6181,848,72,4/3/2019,9,10.00
6182,117,36,4/4/2019,2,0.00
6183,292,66,4/5/2019,13,0.00
6184,301,66,4/6/2019,15,0.00
6185,806,46,4/9/2019,4,0.00
6186,680,62,4/9/2019,9,0.00
6187,603,54,4/10/2019,2,0.00
6188,803,37,4/10/2019,10,7.00
6189,879,63,4/10/2019,2,0.00
6190,115,10,4/10/2019,8,0.00
6191,590,49,4/11/2019,9,0.00
6192,501,32,4/11/2019,9,0.00
6193,359,62,4/11/2019,8,0.00
6194,890,18,4/13/2019,9,0.00
6195,228,50,4/13/2019,6,0.00
6196,635,2,4/14/2019,1,0.00
6197,155,9,4/17/2019,9,0.00
6198,116,10,4/19/2019,9,0.00
6199,315,38,4/20/2019,6,0.00
6200,2,47,4/22/2019,9,0.00
6201,412,26,4/24/2019,12,12.00
6202,397,69,4/24/2019,14,12.00
6203,851,15,4/25/2019,9,0.00
6204,818,61,4/25/2019,12,0.00
6205,566,45,4/25/2019,6,7.00
6206,711,37,4/28/2019,11,7.00
6207,457,41,4/29/2019,7,0.00
6208,538,5,5/1/2019,10,0.00
6209,138,1,5/1/2019,6,10.00
6210,296,65,5/2/2019,12,12.00
6211,496,25,5/3/2019,12,0.00
6212,451,48,5/4/2019,13,0.00
6213,159,4,5/4/2019,3,12.00
6214,873,23,5/5/2019,10,0.00
6215,523,33,5/5/2019,13,0.00
6216,439,4,5/8/2019,13,12.00
6217,754,56,5/8/2019,8,0.00
6218,782,40,5/9/2019,3,0.00
6219,968,60,5/14/2019,9,0.00
6220,343,25,5/17/2019,12,0.00
6221,972,49,5/18/2019,9,0.00
6222,575,64,5/19/2019,10,0.00
6223,304,36,5/20/2019,14,26.00
6224,632,29,5/21/2019,13,0.00
6225,163,20,5/23/2019,9,0.00
6226,11,51,5/25/2019,9,0.00
6227,476,7,5/25/2019,6,10.00
6228,371,44,5/25/2019,12,10.00
6229,589,26,5/26/2019,15,12.00
6230,663,24,5/28/2019,14,0.00
6231,730,27,5/28/2019,15,0.00
6232,119,22,5/28/2019,2,7.00
6233,853,67,5/29/2019,6,0.00
6234,514,60,5/29/2019,6,7.00
6235,528,43,5/30/2019,2,12.00
6236,537,13,5/31/2019,9,0.00
6237,487,12,6/2/2019,1,7.00
6238,361,34,6/2/2019,9,0.00
6239,501,60,6/2/2019,4,7.00
6240,760,30,6/4/2019,2,0.00
6241,895,14,6/4/2019,11,0.00
6242,337,33,6/5/2019,9,0.00
6243,661,25,6/5/2019,11,0.00
6244,240,9,6/9/2019,11,0.00
6245,464,36,6/10/2019,14,0.00
6246,256,42,6/11/2019,2,0.00
6247,616,55,6/11/2019,11,0.00
6248,161,37,6/12/2019,5,7.00
6249,430,42,6/12/2019,14,7.00
6250,337,40,6/13/2019,15,0.00
6251,834,28,6/14/2019,2,0.00
6252,941,21,6/15/2019,3,7.00
6253,280,39,6/16/2019,4,0.00
6254,943,24,6/17/2019,7,0.00
6255,771,2,6/18/2019,1,10.00
6256,27,38,6/21/2019,2,7.00
6257,98,16,6/21/2019,3,0.00
6258,497,74,6/21/2019,6,0.00
6259,785,36,6/22/2019,14,0.00
6260,697,63,6/22/2019,9,10.00
6261,438,61,6/23/2019,6,0.00
6262,161,61,6/25/2019,9,10.00
6263,616,33,6/25/2019,2,0.00
6264,360,2,6/26/2019,9,0.00
6265,53,35,6/27/2019,12,12.00
6266,280,25,6/28/2019,2,0.00
6267,529,58,7/1/2019,3,0.00
6268,780,29,7/2/2019,14,7.00
6269,459,41,7/3/2019,6,0.00
6270,634,21,7/3/2019,12,0.00
6271,455,33,7/4/2019,6,26.00
6272,165,22,7/5/2019,1,0.00
6273,836,75,7/6/2019,9,0.00
6274,857,21,7/7/2019,8,0.00
6275,841,47,7/8/2019,15,0.00
6276,765,52,7/9/2019,8,0.00
6277,517,46,7/9/2019,9,0.00
6278,115,67,7/10/2019,9,0.00
6279,35,15,7/12/2019,14,0.00
6280,806,57,7/12/2019,6,10.00
6281,390,19,7/13/2019,14,0.00
6282,255,60,7/14/2019,6,0.00
6283,776,52,7/15/2019,6,7.00
6284,184,52,7/20/2019,12,0.00
6285,525,20,7/20/2019,10,0.00
6286,175,34,7/21/2019,6,7.00
6287,211,19,7/21/2019,6,0.00
6288,972,29,7/22/2019,6,0.00
6289,378,45,7/23/2019,5,7.00
6290,302,19,7/23/2019,6,0.00
6291,837,70,7/24/2019,3,0.00
6292,747,69,7/26/2019,13,0.00
6293,938,51,7/30/2019,12,0.00
6294,242,9,7/31/2019,11,0.00
6295,946,50,8/1/2019,9,0.00
6296,428,14,8/1/2019,6,0.00
6297,91,28,8/2/2019,2,0.00
6298,828,19,8/2/2019,5,0.00
6299,743,64,8/3/2019,13,0.00
6300,809,13,8/5/2019,7,0.00
6301,8,23,8/7/2019,9,0.00
6302,333,24,8/8/2019,10,7.00
6303,510,23,8/8/2019,10,0.00
6304,955,7,8/10/2019,6,10.00
6305,176,49,8/11/2019,9,0.00
6306,543,73,8/12/2019,11,26.00
6307,477,42,8/13/2019,2,0.00
6308,924,22,8/15/2019,9,0.00
6309,77,55,8/15/2019,13,0.00
6310,490,66,8/15/2019,6,0.00
6311,249,18,8/17/2019,14,7.00
6312,340,45,8/17/2019,2,7.00
6313,132,31,8/17/2019,1,7.00
6314,336,5,8/18/2019,5,0.00
6315,287,35,8/18/2019,15,0.00
6316,192,10,8/19/2019,12,0.00
6317,823,66,8/19/2019,12,0.00
6318,220,62,8/21/2019,5,0.00
6319,625,66,8/21/2019,9,0.00
6320,616,43,8/23/2019,14,12.00
6321,857,34,8/23/2019,2,0.00
6322,287,9,8/23/2019,2,12.00
6323,809,19,8/24/2019,9,0.00
6324,281,41,8/25/2019,14,0.00
6325,241,72,8/26/2019,9,10.00
6326,995,23,8/26/2019,10,0.00
6327,275,9,8/27/2019,2,0.00
6328,7,73,8/27/2019,5,0.00
6329,56,46,8/27/2019,5,0.00
6330,749,20,8/28/2019,2,0.00
6331,870,4,8/29/2019,13,12.00
6332,127,43,8/30/2019,9,12.00
6333,799,68,9/4/2019,3,7.00
6334,342,20,9/4/2019,1,0.00
6335,146,10,9/4/2019,13,0.00
6336,633,54,9/5/2019,11,0.00
6337,811,64,9/7/2019,8,12.00
6338,802,2,9/9/2019,10,10.00
6339,607,18,9/9/2019,5,0.00
6340,486,61,9/11/2019,3,0.00
6341,763,24,9/13/2019,5,0.00
6342,469,11,9/14/2019,11,10.00
6343,615,32,9/14/2019,3,0.00
6344,397,28,9/14/2019,8,0.00
6345,231,4,9/16/2019,14,12.00
6346,271,37,9/18/2019,9,0.00
6347,215,13,9/20/2019,10,0.00
6348,902,11,9/20/2019,12,10.00
6349,588,35,9/20/2019,6,0.00
6350,20,73,9/21/2019,6,0.00
6351,870,9,9/23/2019,8,0.00
6352,823,14,9/24/2019,2,7.00
6353,770,36,9/24/2019,9,0.00
6354,859,17,9/25/2019,11,0.00
6355,297,33,9/25/2019,12,0.00
6356,517,31,9/25/2019,8,0.00
6357,921,22,9/26/2019,11,0.00
6358,903,70,9/26/2019,6,0.00
6359,859,2,9/26/2019,9,10.00
6360,58,7,9/26/2019,5,0.00
6361,616,37,9/27/2019,15,7.00
6362,696,12,9/27/2019,2,0.00
6363,449,31,9/30/2019,9,0.00
6364,885,61,9/30/2019,6,0.00
6365,370,22,9/30/2019,9,0.00
6366,759,9,10/3/2019,5,12.00
6367,606,62,10/4/2019,7,0.00
6368,183,38,10/4/2019,1,7.00
6369,191,11,10/6/2019,1,0.00
6370,461,37,10/6/2019,14,0.00
6371,509,31,10/7/2019,15,0.00
6372,185,44,10/8/2019,12,10.00
6373,723,17,10/9/2019,2,0.00
6374,906,41,10/10/2019,13,0.00
6375,829,2,10/10/2019,1,0.00
6376,617,49,10/11/2019,9,0.00
6377,258,32,10/11/2019,7,0.00
6378,221,67,10/11/2019,4,7.00
6379,862,7,10/11/2019,2,10.00
6380,916,45,10/12/2019,11,7.00
6381,790,47,10/13/2019,11,0.00
6382,776,61,10/15/2019,12,0.00
6383,665,66,10/15/2019,11,0.00
6384,783,72,10/15/2019,8,0.00
6385,631,40,10/16/2019,13,0.00
6386,683,69,10/16/2019,1,12.00
6387,504,52,10/16/2019,13,0.00
6388,817,63,10/17/2019,9,0.00
6389,930,67,10/18/2019,4,7.00
6390,528,55,10/20/2019,3,0.00
6391,340,37,10/20/2019,5,7.00
6392,383,52,10/21/2019,10,0.00
6393,108,15,10/22/2019,13,0.00
6394,306,44,10/23/2019,7,0.00
6395,569,8,10/25/2019,11,0.00
6396,479,58,10/26/2019,2,0.00
6397,372,72,10/26/2019,12,10.00
6398,882,31,10/26/2019,3,0.00
6399,352,69,10/30/2019,2,0.00
6400,190,20,11/2/2019,15,0.00
6401,356,7,11/3/2019,14,0.00
6402,515,25,11/5/2019,2,0.00
6403,157,68,11/6/2019,2,0.00
6404,95,2,11/6/2019,6,0.00
6405,451,62,11/8/2019,2,0.00
6406,269,32,11/8/2019,6,0.00
6407,280,44,11/8/2019,2,0.00
6408,205,64,11/10/2019,3,0.00
6409,33,24,11/10/2019,4,7.00
6410,46,48,11/11/2019,9,0.00
6411,894,13,11/13/2019,9,0.00
6412,921,1,11/15/2019,10,0.00
6413,986,31,11/15/2019,12,0.00
6414,544,46,11/16/2019,9,0.00
6415,375,65,11/16/2019,2,0.00
6416,576,5,11/17/2019,9,10.00
6417,347,58,11/19/2019,3,0.00
6418,971,30,11/20/2019,5,26.00
6419,10,11,11/20/2019,6,0.00
6420,600,16,11/21/2019,6,10.00
6421,241,28,11/21/2019,15,0.00
6422,833,69,11/21/2019,1,0.00
6423,825,65,11/23/2019,2,0.00
6424,965,50,11/23/2019,10,26.00
6425,769,10,11/23/2019,13,0.00
6426,766,8,11/24/2019,9,0.00
6427,543,40,11/24/2019,8,0.00
6428,890,57,11/26/2019,3,0.00
6429,275,59,11/27/2019,10,0.00
6430,431,58,11/27/2019,14,0.00
6431,588,11,11/28/2019,11,10.00
6432,43,12,12/1/2019,9,7.00
6433,198,49,12/1/2019,8,0.00
6434,211,35,12/1/2019,7,0.00
6435,94,50,12/2/2019,10,0.00
6436,180,64,12/3/2019,6,0.00
6437,952,69,12/3/2019,9,0.00
6438,899,40,12/4/2019,9,0.00
6439,278,75,12/4/2019,9,0.00
6440,323,55,12/4/2019,3,0.00
6441,579,70,12/6/2019,5,0.00
6442,146,16,12/9/2019,2,10.00
6443,302,43,12/13/2019,8,0.00
6444,460,22,12/13/2019,9,7.00
6445,938,2,12/15/2019,3,0.00
6446,190,5,12/17/2019,11,10.00
6447,377,16,12/17/2019,2,0.00
6448,604,9,12/18/2019,6,0.00
6449,16,64,12/19/2019,8,0.00
6450,994,36,12/20/2019,9,0.00
6451,928,8,12/21/2019,1,10.00
6452,292,46,12/23/2019,2,0.00
6453,51,24,12/25/2019,11,0.00
6454,981,9,12/27/2019,9,0.00
6455,490,69,12/28/2019,11,12.00
6456,897,46,12/29/2019,6,0.00
6457,59,4,12/29/2019,2,0.00
6458,566,38,12/30/2019,4,0.00
6459,909,39,12/31/2019,10,0.00
6460,83,117,1/2/2020,2,0.00
6461,628,39,1/3/2020,6,0.00
6462,780,6,1/3/2020,8,7.00
6463,675,113,1/3/2020,3,27.00
6464,630,58,1/5/2020,2,0.00
6465,431,74,1/10/2020,14,0.00
6466,464,36,1/13/2020,9,0.00
6467,769,52,1/14/2020,9,7.00
6468,817,130,1/15/2020,1,0.00
6469,30,87,1/18/2020,15,0.00
6470,702,75,1/20/2020,4,0.00
6471,491,102,1/21/2020,15,27.00
6472,936,41,1/21/2020,2,7.00
6473,717,86,1/21/2020,2,27.00
6474,734,44,1/23/2020,5,10.00
6475,649,106,1/23/2020,15,0.00
6476,225,116,1/24/2020,13,0.00
6477,580,97,1/24/2020,2,0.00
6478,785,96,1/24/2020,3,0.00
6479,199,68,1/26/2020,2,7.00
6480,199,124,1/30/2020,12,0.00
6481,130,54,1/31/2020,6,0.00
6482,58,124,2/2/2020,11,0.00
6483,964,83,2/3/2020,10,0.00
6484,370,95,2/3/2020,2,8.00
6485,4,47,2/3/2020,8,10.00
6486,618,100,2/4/2020,14,0.00
6487,588,10,2/6/2020,7,0.00
6488,441,13,2/7/2020,9,0.00
6489,894,40,2/7/2020,12,0.00
6490,268,45,2/8/2020,1,7.00
6491,358,72,2/10/2020,4,10.00
6492,851,27,2/13/2020,2,0.00
6493,186,78,2/13/2020,6,0.00
6494,41,108,2/19/2020,4,12.00
6495,113,51,2/19/2020,4,0.00
6496,907,74,2/20/2020,9,7.00
6497,954,96,2/21/2020,2,8.00
6498,365,77,2/22/2020,6,0.00
6499,941,50,2/22/2020,10,26.00
6500,225,122,2/23/2020,15,0.00
6501,612,67,2/25/2020,7,0.00
6502,699,119,2/27/2020,5,0.00
6503,433,23,2/27/2020,1,0.00
6504,118,99,2/27/2020,6,0.00
6505,860,106,2/29/2020,6,0.00
6506,387,94,3/2/2020,5,27.00
6507,912,30,3/4/2020,2,0.00
6508,608,135,3/4/2020,7,0.00
6509,409,108,3/4/2020,14,0.00
6510,928,98,3/4/2020,2,0.00
6511,38,132,3/5/2020,9,0.00
6512,817,4,3/5/2020,7,0.00
6513,950,15,3/5/2020,2,0.00
6514,436,79,3/6/2020,2,27.00
6515,154,69,3/8/2020,6,0.00
6516,442,3,3/9/2020,8,0.00
6517,255,49,3/10/2020,6,7.00
6518,224,45,3/10/2020,7,0.00
6519,200,109,3/11/2020,11,0.00
6520,280,56,3/13/2020,15,7.00
6521,631,106,3/13/2020,7,0.00
6522,535,129,3/13/2020,9,0.00
6523,548,46,3/16/2020,2,0.00
6524,581,45,3/18/2020,5,7.00
6525,638,59,3/18/2020,7,10.00
6526,511,129,3/18/2020,8,0.00
6527,49,36,3/20/2020,9,26.00
6528,526,35,3/24/2020,9,12.00
6529,373,128,3/25/2020,5,11.00
6530,888,80,3/25/2020,9,0.00
6531,261,61,3/25/2020,9,10.00
6532,685,32,3/27/2020,9,0.00
6533,174,69,3/28/2020,7,0.00
6534,907,111,3/28/2020,15,11.00
6535,133,92,3/29/2020,9,0.00
6536,683,141,3/31/2020,8,0.00
6537,233,9,4/1/2020,11,0.00
6538,234,104,4/1/2020,2,8.00
6539,735,70,4/2/2020,9,0.00
6540,652,14,4/2/2020,4,0.00
6541,141,122,4/4/2020,2,0.00
6542,181,64,4/5/2020,12,0.00
6543,384,99,4/5/2020,14,0.00
6544,708,47,4/6/2020,11,10.00
6545,733,1,4/7/2020,14,0.00
6546,890,111,4/7/2020,7,0.00
6547,15,32,4/8/2020,8,0.00
6548,763,34,4/9/2020,5,0.00
6549,413,24,4/9/2020,5,0.00
6550,933,105,4/10/2020,3,0.00
6551,690,38,4/10/2020,8,7.00
6552,340,100,4/11/2020,2,0.00
6553,318,53,4/12/2020,11,0.00
6554,254,101,4/13/2020,2,0.00
6555,345,132,4/14/2020,13,11.00
6556,432,97,4/14/2020,7,0.00
6557,284,84,4/15/2020,10,8.00
6558,99,139,4/18/2020,2,12.00
6559,960,73,4/19/2020,9,0.00
6560,928,25,4/22/2020,2,0.00
6561,744,118,4/22/2020,8,0.00
6562,165,106,4/22/2020,2,0.00
6563,956,42,4/23/2020,10,0.00
6564,154,64,4/23/2020,9,12.00
6565,428,44,4/27/2020,4,10.00
6566,692,82,4/27/2020,8,0.00
6567,302,101,4/29/2020,4,0.00
6568,533,9,4/29/2020,2,0.00
6569,151,113,4/30/2020,10,0.00
6570,53,105,4/30/2020,6,0.00
6571,446,29,4/30/2020,14,7.00
6572,548,100,5/3/2020,3,27.00
6573,629,34,5/4/2020,2,0.00
6574,189,60,5/4/2020,2,7.00
6575,794,72,5/4/2020,6,10.00
6576,863,24,5/6/2020,2,0.00
6577,157,106,5/6/2020,10,27.00
6578,247,120,5/8/2020,12,0.00
6579,728,93,5/10/2020,13,8.00
6580,207,11,5/10/2020,8,0.00
6581,82,47,5/10/2020,7,0.00
6582,853,35,5/11/2020,2,12.00
6583,489,62,5/12/2020,9,0.00
6584,159,97,5/15/2020,13,0.00
6585,826,37,5/15/2020,5,7.00
6586,234,80,5/16/2020,9,0.00
6587,640,62,5/21/2020,2,0.00
6588,753,69,5/25/2020,4,0.00
6589,167,43,5/26/2020,2,0.00
6590,905,5,5/27/2020,11,0.00
6591,473,11,5/27/2020,14,0.00
6592,679,99,5/27/2020,9,0.00
6593,509,96,5/30/2020,8,0.00
6594,675,135,5/30/2020,11,27.00
6595,778,76,6/1/2020,2,0.00
6596,40,101,6/1/2020,2,27.00
6597,594,116,6/1/2020,6,0.00
6598,791,29,6/1/2020,2,7.00
6599,819,115,6/2/2020,2,12.00
6600,981,68,6/4/2020,5,0.00
6601,994,91,6/4/2020,3,0.00
6602,577,126,6/6/2020,14,0.00
6603,554,91,6/6/2020,6,0.00
6604,573,45,6/8/2020,9,7.00
6605,42,15,6/8/2020,10,0.00
6606,942,14,6/9/2020,15,0.00
6607,133,102,6/11/2020,15,0.00
6608,846,140,6/13/2020,4,0.00
6609,192,135,6/14/2020,9,0.00
6610,790,139,6/14/2020,8,0.00
6611,770,83,6/15/2020,8,0.00
6612,452,74,6/17/2020,10,7.00
6613,932,68,6/17/2020,9,0.00
6614,60,10,6/17/2020,9,0.00
6615,253,101,6/18/2020,11,0.00
6616,382,65,6/20/2020,10,0.00
6617,458,2,6/20/2020,11,10.00
6618,908,27,6/21/2020,2,0.00
6619,238,14,6/22/2020,9,0.00
6620,443,128,6/23/2020,1,0.00
6621,544,133,6/24/2020,13,0.00
6622,579,72,6/24/2020,4,0.00
6623,335,9,6/26/2020,5,12.00
6624,495,27,6/27/2020,10,0.00
6625,640,47,6/27/2020,9,0.00
6626,834,73,6/27/2020,5,26.00
6627,426,142,7/1/2020,9,0.00
6628,701,105,7/1/2020,6,0.00
6629,38,128,7/2/2020,13,0.00
6630,174,11,7/3/2020,9,0.00
6631,159,93,7/4/2020,12,8.00
6632,762,77,7/4/2020,9,0.00
6633,990,116,7/5/2020,3,0.00
6634,572,76,7/6/2020,2,0.00
6635,336,71,7/6/2020,2,0.00
6636,494,50,7/8/2020,9,0.00
6637,101,48,7/8/2020,13,0.00
6638,141,130,7/8/2020,9,0.00
6639,773,77,7/8/2020,5,0.00
6640,825,122,7/11/2020,2,0.00
6641,940,69,7/11/2020,2,0.00
6642,148,30,7/11/2020,11,26.00
6643,353,92,7/12/2020,4,0.00
6644,954,23,7/13/2020,9,0.00
6645,17,85,7/13/2020,9,0.00
6646,625,135,7/13/2020,6,0.00
6647,772,128,7/14/2020,14,11.00
6648,566,23,7/15/2020,15,0.00
6649,297,3,7/18/2020,2,10.00
6650,479,34,7/18/2020,3,0.00
6651,243,106,7/19/2020,9,0.00
6652,602,139,7/22/2020,3,0.00
6653,124,100,7/22/2020,3,0.00
6654,893,70,7/25/2020,9,0.00
6655,28,112,7/25/2020,15,0.00
6656,364,41,7/27/2020,5,7.00
6657,734,40,7/29/2020,3,0.00
6658,832,52,7/29/2020,14,0.00
6659,432,15,7/30/2020,6,0.00
6660,179,33,7/31/2020,10,26.00
6661,617,30,8/2/2020,15,0.00
6662,438,125,8/6/2020,9,0.00
6663,575,67,8/7/2020,13,7.00
6664,231,131,8/7/2020,2,0.00
6665,464,122,8/8/2020,2,0.00
6666,635,89,8/8/2020,1,0.00
6667,663,75,8/10/2020,5,0.00
6668,641,51,8/10/2020,15,0.00
6669,613,105,8/11/2020,11,0.00
6670,894,121,8/12/2020,2,8.00
6671,824,96,8/12/2020,9,0.00
6672,662,21,8/13/2020,4,0.00
6673,516,62,8/14/2020,2,0.00
6674,160,62,8/15/2020,6,0.00
6675,929,60,8/15/2020,10,7.00
6676,279,47,8/17/2020,8,0.00
6677,778,33,8/17/2020,10,0.00
6678,456,101,8/17/2020,6,0.00
6679,717,139,8/17/2020,9,12.00
6680,644,44,8/19/2020,7,0.00
6681,711,2,8/19/2020,3,10.00
6682,5,18,8/22/2020,2,0.00
6683,440,123,8/23/2020,10,0.00
6684,207,112,8/25/2020,6,0.00
6685,927,129,8/25/2020,9,8.00
6686,141,130,8/25/2020,14,8.00
6687,272,127,8/25/2020,11,0.00
6688,901,107,8/25/2020,3,8.00
6689,907,10,8/27/2020,2,0.00
6690,109,138,8/27/2020,5,8.00
6691,349,140,8/27/2020,9,8.00
6692,822,115,8/29/2020,8,12.00
6693,614,61,8/30/2020,11,0.00
6694,9,78,9/1/2020,15,0.00
6695,74,96,9/1/2020,6,0.00
6696,898,63,9/5/2020,14,0.00
6697,516,111,9/5/2020,2,0.00
6698,880,38,9/8/2020,10,7.00
6699,659,141,9/8/2020,2,0.00
6700,794,129,9/10/2020,9,0.00
6701,837,57,9/11/2020,9,10.00
6702,147,34,9/15/2020,2,7.00
6703,610,10,9/17/2020,2,0.00
6704,590,116,9/18/2020,2,0.00
6705,337,122,9/20/2020,15,0.00
6706,82,53,9/20/2020,15,0.00
6707,740,65,9/20/2020,1,0.00
6708,279,42,9/21/2020,12,0.00
6709,819,138,9/22/2020,8,0.00
6710,753,25,9/25/2020,2,0.00
6711,774,25,9/25/2020,2,0.00
6712,939,9,9/27/2020,9,12.00
6713,547,45,9/28/2020,9,7.00
6714,656,44,10/1/2020,12,10.00
6715,82,89,10/2/2020,8,0.00
6716,824,70,10/2/2020,5,0.00
6717,642,134,10/3/2020,9,0.00
6718,608,14,10/3/2020,15,7.00
6719,255,125,10/3/2020,11,0.00
6720,207,141,10/5/2020,13,0.00
6721,900,107,10/7/2020,9,8.00
6722,700,24,10/7/2020,9,0.00
6723,968,131,10/7/2020,10,0.00
6724,952,77,10/7/2020,5,0.00
6725,88,10,10/7/2020,2,0.00
6726,651,72,10/7/2020,15,10.00
6727,914,4,10/7/2020,3,0.00
6728,514,116,10/8/2020,8,0.00
6729,18,5,10/8/2020,6,0.00
6730,95,139,10/9/2020,1,0.00
6731,685,60,10/9/2020,3,0.00
6732,563,56,10/10/2020,9,0.00
6733,158,107,10/11/2020,1,0.00
6734,895,61,10/11/2020,9,10.00
6735,429,115,10/12/2020,9,12.00
6736,403,76,10/12/2020,9,0.00
6737,672,95,10/15/2020,5,0.00
6738,333,109,10/15/2020,10,11.00
6739,254,54,10/17/2020,8,0.00
6740,190,2,10/17/2020,2,0.00
6741,327,138,10/18/2020,2,8.00
6742,267,12,10/19/2020,6,0.00
6743,856,29,10/21/2020,11,0.00
6744,650,90,10/21/2020,12,0.00
6745,807,129,10/21/2020,8,8.00
6746,724,49,10/21/2020,4,7.00
6747,133,95,10/23/2020,4,0.00
6748,996,70,10/23/2020,9,0.00
6749,216,85,10/25/2020,4,0.00
6750,865,112,10/25/2020,4,0.00
6751,231,48,10/25/2020,9,0.00
6752,624,6,10/25/2020,4,0.00
6753,747,129,10/25/2020,13,0.00
6754,677,138,10/28/2020,2,0.00
6755,793,121,10/28/2020,2,0.00
6756,789,64,11/1/2020,2,0.00
6757,600,136,11/1/2020,3,0.00
6758,148,60,11/2/2020,2,0.00
6759,394,95,11/3/2020,10,0.00
6760,990,137,11/3/2020,14,0.00
6761,410,34,11/3/2020,12,0.00
6762,135,142,11/4/2020,1,0.00
6763,874,113,11/5/2020,6,27.00
6764,835,45,11/5/2020,9,7.00
6765,831,82,11/6/2020,2,8.00
6766,386,27,11/7/2020,13,0.00
6767,177,16,11/7/2020,2,0.00
6768,832,17,11/7/2020,8,0.00
6769,697,55,11/7/2020,6,0.00
6770,675,103,11/7/2020,12,0.00
6771,881,59,11/8/2020,3,0.00
6772,848,78,11/8/2020,11,0.00
6773,95,89,11/9/2020,6,0.00
6774,738,128,11/10/2020,4,0.00
6775,391,116,11/11/2020,9,0.00
6776,928,116,11/12/2020,6,0.00
6777,455,86,11/13/2020,2,0.00
6778,209,9,11/13/2020,13,0.00
6779,403,81,11/14/2020,8,0.00
6780,353,2,11/15/2020,4,10.00
6781,115,84,11/16/2020,6,8.00
6782,959,46,11/17/2020,9,0.00
6783,51,15,11/18/2020,7,0.00
6784,255,115,11/18/2020,6,0.00
6785,613,40,11/19/2020,13,0.00
6786,643,83,11/20/2020,2,0.00
6787,215,102,11/21/2020,3,0.00
6788,167,50,11/21/2020,2,26.00
6789,737,104,11/22/2020,9,0.00
6790,1000,29,11/23/2020,6,7.00
6791,126,16,11/24/2020,11,10.00
6792,526,111,11/24/2020,12,0.00
6793,43,56,11/25/2020,1,7.00
6794,989,29,11/25/2020,10,7.00
6795,941,64,11/26/2020,8,0.00
6796,88,72,11/29/2020,13,10.00
6797,450,70,11/29/2020,5,0.00
6798,356,119,11/29/2020,13,0.00
6799,91,27,11/29/2020,6,0.00
6800,764,94,12/1/2020,9,0.00
6801,979,115,12/4/2020,13,0.00
6802,49,50,12/5/2020,9,0.00
6803,70,73,12/5/2020,3,0.00
6804,106,90,12/7/2020,2,0.00
6805,392,71,12/8/2020,5,0.00
6806,569,46,12/8/2020,9,0.00
6807,342,103,12/10/2020,6,8.00
6808,444,38,12/10/2020,9,0.00
6809,259,101,12/10/2020,2,27.00
6810,9,85,12/11/2020,2,8.00
6811,948,133,12/12/2020,2,0.00
6812,521,29,12/13/2020,9,0.00
6813,530,43,12/13/2020,9,0.00
6814,334,110,12/14/2020,9,8.00
6815,468,130,12/14/2020,15,8.00
6816,289,27,12/15/2020,2,0.00
6817,160,109,12/15/2020,4,11.00
6818,795,17,12/17/2020,3,0.00
6819,810,58,12/17/2020,15,0.00
6820,136,89,12/19/2020,12,0.00
6821,414,37,12/19/2020,9,7.00
6822,211,139,12/21/2020,5,12.00
6823,379,128,12/21/2020,10,11.00
6824,532,84,12/22/2020,6,0.00
6825,692,64,12/22/2020,7,12.00
6826,889,51,12/22/2020,15,12.00
6827,976,50,12/24/2020,9,0.00
6828,213,105,12/25/2020,9,0.00
6829,817,22,12/27/2020,3,0.00
6830,812,76,12/30/2020,1,0.00
6831,368,171,1/1/2021,9,0.00
6832,971,205,1/2/2021,10,0.00
6833,938,105,1/2/2021,6,0.00
6834,718,100,1/4/2021,6,0.00
6835,888,33,1/7/2021,2,0.00
6836,418,199,1/7/2021,9,0.00
6837,892,200,1/10/2021,6,0.00
6838,758,149,1/10/2021,1,0.00
6839,343,177,1/11/2021,2,0.00
6840,176,2,1/11/2021,6,0.00
6841,564,171,1/14/2021,9,0.00
6842,730,190,1/14/2021,2,0.00
6843,464,85,1/14/2021,2,0.00
6844,161,194,1/15/2021,6,28.00
6845,359,173,1/16/2021,2,8.00
6846,456,175,1/16/2021,2,0.00
6847,162,69,1/17/2021,12,0.00
6848,365,11,1/17/2021,2,10.00
6849,9,76,1/18/2021,1,0.00
6850,328,121,1/19/2021,14,0.00
6851,67,40,1/20/2021,2,0.00
6852,769,145,1/23/2021,3,0.00
6853,959,122,1/23/2021,11,0.00
6854,68,67,1/24/2021,13,7.00
6855,984,189,1/25/2021,9,0.00
6856,724,181,1/25/2021,15,0.00
6857,777,103,1/27/2021,5,8.00
6858,9,100,1/27/2021,14,27.00
6859,563,82,1/27/2021,9,0.00
6860,469,87,1/28/2021,2,0.00
6861,548,151,1/29/2021,9,0.00
6862,543,188,1/29/2021,1,0.00
6863,461,68,1/30/2021,2,7.00
6864,808,116,1/30/2021,3,0.00
6865,86,216,2/1/2021,2,8.00
6866,668,79,2/3/2021,6,0.00
6867,389,157,2/4/2021,9,0.00
6868,896,161,2/5/2021,12,8.00
6869,56,7,2/5/2021,3,0.00
6870,226,151,2/6/2021,14,0.00
6871,488,184,2/6/2021,11,8.00
6872,25,218,2/8/2021,9,0.00
6873,43,28,2/8/2021,8,0.00
6874,543,169,2/9/2021,4,0.00
6875,328,48,2/9/2021,15,0.00
6876,925,199,2/10/2021,9,13.00
6877,356,183,2/10/2021,7,0.00
6878,973,23,2/12/2021,13,0.00
6879,751,26,2/12/2021,6,12.00
6880,121,58,2/16/2021,9,0.00
6881,108,93,2/16/2021,2,8.00
6882,940,139,2/16/2021,9,12.00
6883,729,193,2/17/2021,2,0.00
6884,841,19,2/17/2021,10,0.00
6885,594,22,2/17/2021,6,0.00
6886,705,151,2/18/2021,15,0.00
6887,695,8,2/18/2021,2,10.00
6888,59,42,2/18/2021,6,0.00
6889,918,196,2/19/2021,12,11.00
6890,293,198,2/26/2021,14,0.00
6891,881,181,2/28/2021,14,8.00
6892,840,156,3/1/2021,7,0.00
6893,957,52,3/3/2021,11,0.00
6894,641,147,3/3/2021,10,0.00
6895,215,20,3/4/2021,1,0.00
6896,893,180,3/5/2021,3,13.00
6897,89,153,3/7/2021,8,0.00
6898,422,157,3/8/2021,1,8.00
6899,393,135,3/9/2021,2,0.00
6901,602,124,3/17/2021,12,0.00
6902,404,35,3/18/2021,9,0.00
6903,159,102,3/20/2021,9,0.00
6904,877,204,3/23/2021,10,0.00
6905,359,196,3/24/2021,5,0.00
6906,15,49,3/25/2021,12,7.00
6907,361,71,3/26/2021,7,0.00
6908,387,94,3/27/2021,15,27.00
6909,650,210,3/28/2021,4,0.00
6910,490,76,3/29/2021,6,0.00
6911,344,60,3/29/2021,11,0.00
6912,51,43,3/29/2021,10,12.00
6913,419,5,3/29/2021,9,10.00
6914,50,187,4/1/2021,9,0.00
6915,499,72,4/1/2021,1,10.00
6916,793,105,4/1/2021,14,0.00
6917,155,39,4/1/2021,15,0.00
6918,768,102,4/2/2021,2,0.00
6919,367,169,4/6/2021,10,0.00
6920,517,41,4/7/2021,2,0.00
6921,266,197,4/8/2021,2,8.00
6922,718,98,4/8/2021,4,0.00
6923,24,138,4/9/2021,7,8.00
6924,158,89,4/12/2021,7,0.00
6925,860,173,4/14/2021,3,8.00
6926,87,53,4/16/2021,9,0.00
6927,844,45,4/19/2021,9,7.00
6928,932,153,4/19/2021,7,11.00
6929,409,118,4/20/2021,9,0.00
6930,952,128,4/20/2021,6,0.00
6931,622,135,4/22/2021,2,27.00
6932,170,158,4/23/2021,6,0.00
6933,565,181,4/25/2021,4,8.00
6934,580,135,4/28/2021,3,27.00
6935,946,145,4/29/2021,4,0.00
6936,555,210,4/30/2021,15,0.00
6937,21,176,5/2/2021,2,0.00
6938,49,113,5/5/2021,11,0.00
6939,458,171,5/6/2021,9,8.00
6940,238,85,5/6/2021,12,0.00
6941,40,58,5/7/2021,1,0.00
6942,354,150,5/7/2021,11,8.00
6943,984,218,5/9/2021,14,0.00
6944,738,126,5/9/2021,9,0.00
6945,483,17,5/10/2021,6,0.00
6946,602,118,5/11/2021,6,0.00
6947,168,183,5/12/2021,5,0.00
6948,220,170,5/12/2021,2,8.00
6950,533,120,5/17/2021,8,8.00
6951,648,39,5/18/2021,8,0.00
6952,537,44,5/19/2021,10,0.00
6953,228,213,5/19/2021,6,0.00
6954,735,208,5/20/2021,1,0.00
6955,713,195,5/22/2021,11,0.00
6956,854,216,5/22/2021,3,0.00
6957,940,137,5/22/2021,9,0.00
6958,155,116,5/23/2021,9,0.00
6959,865,214,5/23/2021,6,0.00
6960,148,1,5/24/2021,13,10.00
6961,402,91,5/28/2021,3,0.00
6962,337,95,5/29/2021,6,0.00
6963,749,58,5/29/2021,10,0.00
6964,586,210,5/29/2021,7,0.00
6965,534,115,5/29/2021,5,0.00
6966,269,10,5/30/2021,2,0.00
6967,498,196,5/31/2021,10,11.00
6968,311,50,6/1/2021,2,0.00
6969,321,173,6/3/2021,14,8.00
6970,314,21,6/3/2021,11,0.00
6971,883,22,6/3/2021,9,0.00
6972,754,27,6/6/2021,9,0.00
6973,308,202,6/7/2021,9,0.00
6974,377,184,6/7/2021,6,0.00
6975,407,15,6/11/2021,11,0.00
6976,780,63,6/11/2021,11,10.00
6977,804,194,6/11/2021,2,0.00
6978,692,162,6/12/2021,4,0.00
6979,503,23,6/12/2021,13,0.00
6980,418,111,6/12/2021,11,11.00
6981,921,110,6/14/2021,1,0.00
6982,99,190,6/14/2021,13,0.00
6983,988,119,6/14/2021,8,0.00
6984,81,100,6/16/2021,2,0.00
6985,956,165,6/16/2021,6,11.00
6986,469,199,6/17/2021,6,13.00
6987,432,76,6/17/2021,4,0.00
6988,556,97,6/21/2021,6,11.00
6989,645,39,6/22/2021,9,0.00
6990,410,31,6/23/2021,6,0.00
6991,940,141,6/24/2021,2,12.00
6992,170,48,6/24/2021,14,0.00
6993,707,184,6/25/2021,15,8.00
6994,359,115,6/26/2021,6,12.00
6995,637,31,6/27/2021,7,7.00
6996,81,174,6/28/2021,9,11.00
6997,586,70,6/29/2021,6,0.00
6998,939,134,6/29/2021,4,8.00
6999,520,83,7/2/2021,9,0.00
7000,535,50,7/4/2021,9,0.00
7001,200,25,7/4/2021,2,0.00
7002,856,82,7/4/2021,6,0.00
7003,415,9,7/5/2021,15,0.00
7004,74,201,7/5/2021,4,0.00
7005,601,65,7/6/2021,1,0.00
7006,762,215,7/7/2021,15,13.00
7007,963,178,7/7/2021,14,28.00
7008,207,174,7/8/2021,6,11.00
7009,143,15,7/9/2021,9,0.00
7010,113,125,7/9/2021,14,0.00
7011,508,184,7/10/2021,6,0.00
7012,783,28,7/10/2021,12,0.00
7013,655,78,7/11/2021,3,8.00
7014,95,18,7/11/2021,5,0.00
7015,473,127,7/11/2021,11,0.00
7016,650,97,7/11/2021,13,11.00
7017,922,105,7/15/2021,6,0.00
7018,508,178,7/15/2021,1,28.00
7019,487,172,7/15/2021,2,0.00
7020,399,6,7/16/2021,2,7.00
7021,107,68,7/17/2021,4,7.00
7022,65,133,7/17/2021,2,11.00
7023,987,6,7/18/2021,2,7.00
7024,228,5,7/18/2021,11,10.00
7025,765,165,7/19/2021,6,11.00
7026,340,53,7/20/2021,13,0.00
7027,936,73,7/20/2021,2,0.00
7028,283,187,7/21/2021,10,0.00
7029,198,7,7/23/2021,15,0.00
7030,448,215,7/23/2021,13,13.00
7031,457,151,7/26/2021,13,0.00
7032,445,126,7/26/2021,12,0.00
7033,545,11,7/26/2021,15,0.00
7034,190,5,7/27/2021,2,0.00
7035,419,85,7/27/2021,4,0.00
7036,200,132,7/28/2021,6,11.00
7037,667,128,7/29/2021,15,11.00
7038,688,198,7/29/2021,1,11.00
7039,617,118,7/30/2021,6,0.00
7040,900,201,8/1/2021,6,0.00
7041,399,9,8/2/2021,2,12.00
7042,639,219,8/3/2021,7,0.00
7043,720,59,8/3/2021,5,10.00
7044,691,110,8/5/2021,2,0.00
7045,464,158,8/5/2021,9,0.00
7046,429,195,8/7/2021,4,0.00
7047,406,71,8/9/2021,9,0.00
7048,113,197,8/9/2021,14,0.00
7049,579,99,8/10/2021,15,0.00
7050,54,136,8/10/2021,3,0.00
7051,966,124,8/11/2021,4,0.00
7052,881,69,8/11/2021,1,12.00
7053,785,73,8/12/2021,14,26.00
7054,515,105,8/14/2021,6,0.00
7055,685,58,8/15/2021,9,0.00
7056,212,61,8/15/2021,3,0.00
7057,693,188,8/16/2021,7,0.00
7058,192,14,8/16/2021,4,0.00
7059,471,122,8/19/2021,15,0.00
7060,798,218,8/20/2021,13,0.00
7061,868,49,8/20/2021,9,7.00
7062,92,76,8/22/2021,11,0.00
7063,984,80,8/23/2021,6,0.00
7064,988,133,8/25/2021,9,0.00
7065,119,208,8/29/2021,6,0.00
7066,389,201,8/30/2021,6,0.00
7067,219,119,8/31/2021,6,0.00
7068,433,19,8/31/2021,1,0.00
7069,559,195,8/31/2021,14,0.00
7070,287,117,9/1/2021,6,0.00
7071,796,131,9/3/2021,7,0.00
7072,400,112,9/3/2021,1,0.00
7073,530,176,9/5/2021,13,0.00
7074,508,170,9/6/2021,7,0.00
7075,265,13,9/6/2021,1,0.00
7076,935,154,9/7/2021,6,0.00
7077,775,22,9/9/2021,9,0.00
7078,213,133,9/9/2021,14,0.00
7079,778,187,9/11/2021,4,0.00
7080,885,50,9/12/2021,9,0.00
7081,755,104,9/14/2021,4,8.00
7082,377,22,9/18/2021,6,0.00
7083,989,166,9/18/2021,2,0.00
7084,27,13,9/19/2021,9,0.00
7085,214,110,9/20/2021,11,0.00
7086,963,137,9/20/2021,2,0.00
7087,835,162,9/23/2021,13,0.00
7088,333,186,9/24/2021,14,0.00
7089,545,52,9/24/2021,9,0.00
7090,644,79,9/25/2021,5,0.00
7091,816,173,9/25/2021,9,8.00
7092,231,144,9/26/2021,10,8.00
7093,145,144,9/26/2021,11,8.00
7094,940,146,9/27/2021,4,13.00
7095,413,113,9/29/2021,7,27.00
7096,742,182,9/29/2021,6,0.00
7097,887,97,9/30/2021,9,0.00
7098,601,145,10/1/2021,2,0.00
7099,126,33,10/1/2021,5,0.00
7100,311,105,10/5/2021,10,0.00
7101,920,11,10/8/2021,9,10.00
7102,111,161,10/10/2021,2,8.00
7103,35,12,10/10/2021,3,7.00
7104,719,72,10/11/2021,13,10.00
7105,565,35,10/12/2021,1,12.00
7106,39,18,10/15/2021,6,0.00
7107,122,57,10/15/2021,2,0.00
7108,534,212,10/15/2021,11,8.00
7109,99,71,10/16/2021,11,0.00
7110,481,173,10/16/2021,9,0.00
7111,466,137,10/23/2021,4,0.00
7112,414,164,10/23/2021,5,0.00
7113,690,184,10/23/2021,2,8.00
7114,483,162,10/24/2021,9,0.00
7115,521,43,10/25/2021,2,0.00
7116,115,128,10/28/2021,9,0.00
7117,892,12,10/28/2021,10,0.00
7118,189,154,10/30/2021,12,0.00
7119,273,180,10/31/2021,2,0.00
7120,127,42,11/1/2021,14,7.00
7121,446,6,11/3/2021,9,0.00
7122,548,20,11/4/2021,10,0.00
7123,74,57,11/4/2021,9,0.00
7124,390,123,11/4/2021,13,0.00
7125,425,9,11/4/2021,9,0.00
7126,445,18,11/4/2021,1,0.00
7127,906,146,11/5/2021,9,13.00
7128,8,182,11/6/2021,9,8.00
7129,835,98,11/8/2021,10,12.00
7130,957,214,11/9/2021,6,8.00
7131,962,38,11/10/2021,8,7.00
7132,695,210,11/10/2021,15,28.00
7133,193,176,11/12/2021,2,0.00
7134,440,106,11/12/2021,1,27.00
7135,83,71,11/14/2021,3,0.00
7136,798,40,11/15/2021,9,0.00
7137,715,22,11/15/2021,2,7.00
7138,611,34,11/17/2021,11,0.00
7139,148,56,11/17/2021,10,0.00
7140,980,42,11/18/2021,6,7.00
7141,544,205,11/18/2021,2,0.00
7142,383,206,11/19/2021,1,0.00
7143,746,114,11/19/2021,10,0.00
7144,780,196,11/20/2021,6,0.00
7145,450,105,11/20/2021,8,0.00
7146,139,156,11/21/2021,8,0.00
7147,102,72,11/21/2021,9,10.00
7148,314,9,11/21/2021,11,0.00
7149,434,149,11/22/2021,3,0.00
7150,920,85,11/22/2021,14,8.00
7151,820,192,11/23/2021,1,0.00
7152,624,93,11/25/2021,9,0.00
7153,414,203,11/25/2021,7,0.00
7154,425,125,11/26/2021,10,0.00
7155,355,53,11/26/2021,6,0.00
7156,924,163,11/27/2021,6,0.00
7157,276,178,11/28/2021,4,0.00
7158,612,208,12/1/2021,2,0.00
7159,204,175,12/1/2021,8,0.00
7160,466,27,12/1/2021,6,0.00
7161,87,184,12/1/2021,11,8.00
7162,617,218,12/2/2021,6,13.00
7163,124,74,12/3/2021,2,7.00
7164,570,173,12/4/2021,8,0.00
7165,593,131,12/4/2021,9,0.00
7166,202,12,12/5/2021,15,0.00
7167,363,148,12/7/2021,2,0.00
7168,914,169,12/9/2021,9,0.00
7169,743,169,12/9/2021,2,0.00
7170,311,132,12/11/2021,2,0.00
7171,71,174,12/14/2021,7,0.00
7172,487,137,12/14/2021,6,0.00
7173,710,144,12/16/2021,4,0.00
7174,87,126,12/18/2021,10,11.00
7175,35,164,12/22/2021,4,8.00
7176,497,203,12/27/2021,12,13.00
7177,585,74,12/28/2021,1,7.00
7178,873,113,12/29/2021,13,27.00
7179,150,30,1/6/2022,1,26.00
7180,385,257,1/6/2022,2,0.00
7181,464,114,1/6/2022,6,27.00
7182,604,273,1/6/2022,6,0.00
7183,738,23,1/6/2022,13,0.00
7184,641,90,1/10/2022,15,0.00
7185,182,246,1/11/2022,6,0.00
7186,456,287,1/11/2022,15,0.00
7187,212,84,1/11/2022,2,8.00
7188,921,102,1/11/2022,13,27.00
7189,626,286,1/12/2022,14,0.00
7190,586,100,1/12/2022,8,27.00
7191,476,112,1/12/2022,9,0.00
7192,260,256,1/12/2022,9,0.00
7193,51,19,1/13/2022,9,0.00
7194,548,66,1/13/2022,9,0.00
7195,246,235,1/14/2022,10,0.00
7196,322,163,1/14/2022,11,0.00
7197,754,2,1/17/2022,9,10.00
7198,243,155,1/17/2022,14,11.00
7199,625,3,1/19/2022,11,10.00
7200,997,280,1/19/2022,10,0.00
7201,731,272,1/19/2022,2,0.00
7202,919,72,1/19/2022,1,0.00
7203,2,264,1/19/2022,2,0.00
7204,239,192,1/20/2022,11,11.00
7205,961,156,1/20/2022,9,0.00
7206,949,63,1/22/2022,5,0.00
7207,469,10,1/22/2022,13,0.00
7208,959,88,1/23/2022,9,0.00
7209,770,184,1/27/2022,9,0.00
7210,32,267,1/29/2022,2,0.00
7211,243,226,1/29/2022,13,0.00
7212,586,95,1/30/2022,11,0.00
7213,683,261,1/30/2022,14,0.00
7214,336,239,1/30/2022,9,0.00
7215,942,17,1/30/2022,10,0.00
7216,270,147,2/1/2022,2,0.00
7217,275,254,2/2/2022,9,0.00
7218,295,58,2/3/2022,2,0.00
7219,795,210,2/4/2022,4,28.00
7220,395,158,2/4/2022,3,0.00
7221,275,7,2/4/2022,12,0.00
7222,108,163,2/5/2022,12,0.00
7223,139,10,2/5/2022,1,0.00
7224,60,259,2/5/2022,11,0.00
7225,935,104,2/5/2022,3,0.00
7226,986,17,2/5/2022,2,0.00
7227,539,228,2/6/2022,2,0.00
7228,499,277,2/8/2022,1,0.00
7229,716,52,2/10/2022,6,0.00
7230,894,294,2/11/2022,9,0.00
7231,652,3,2/11/2022,2,0.00
7232,360,221,2/11/2022,5,0.00
7233,134,38,2/12/2022,2,7.00
7234,768,250,2/12/2022,2,0.00
7235,292,175,2/14/2022,1,0.00
7236,954,269,2/16/2022,5,0.00
7237,624,39,2/16/2022,12,0.00
7238,487,118,2/18/2022,2,0.00
7239,520,212,2/18/2022,14,0.00
7240,487,130,2/23/2022,9,0.00
7241,544,258,2/24/2022,12,0.00
7242,839,259,2/25/2022,2,0.00
7243,587,249,2/26/2022,2,0.00
7244,364,151,2/26/2022,8,0.00
7245,94,254,2/27/2022,8,0.00
7246,987,276,2/27/2022,10,0.00
7247,578,283,3/3/2022,15,0.00
7248,685,89,3/4/2022,6,0.00
7249,297,272,3/5/2022,10,0.00
7250,451,163,3/6/2022,2,0.00
7251,874,80,3/7/2022,2,0.00
7252,973,217,3/8/2022,15,0.00
7253,202,252,3/9/2022,11,0.00
7254,582,64,3/9/2022,13,0.00
7255,697,186,3/10/2022,5,0.00
7256,257,52,3/11/2022,9,0.00
7257,335,71,3/12/2022,3,0.00
7258,103,39,3/12/2022,14,0.00
7259,392,81,3/12/2022,12,0.00
7260,804,74,3/13/2022,9,0.00
7261,929,229,3/14/2022,9,0.00
7262,7,75,3/15/2022,3,0.00
7263,619,241,3/15/2022,9,0.00
7264,38,265,3/15/2022,12,0.00
7265,500,224,3/18/2022,9,0.00
7266,942,58,3/18/2022,3,0.00
7267,643,156,3/19/2022,15,0.00
7268,871,116,3/20/2022,9,0.00
7269,528,21,3/24/2022,6,0.00
7270,574,96,3/24/2022,9,0.00
7271,52,110,3/26/2022,9,0.00
7272,339,298,3/26/2022,3,0.00
7273,76,91,3/27/2022,10,0.00
7274,8,99,3/28/2022,9,0.00
7275,499,219,3/28/2022,5,8.00
7276,833,299,3/29/2022,5,0.00
7277,577,277,3/29/2022,3,0.00
7278,853,154,3/30/2022,6,0.00
7279,685,168,3/31/2022,13,0.00
7280,725,228,4/1/2022,15,0.00
7281,248,232,4/2/2022,2,0.00
7282,160,270,4/2/2022,8,0.00
7283,38,20,4/5/2022,12,0.00
7284,627,128,4/6/2022,14,0.00
7285,2,198,4/7/2022,9,11.00
7286,597,203,4/7/2022,14,0.00
7287,945,173,4/8/2022,8,0.00
7288,405,16,4/9/2022,9,0.00
7289,124,231,4/9/2022,10,0.00
7290,381,141,4/10/2022,7,0.00
7291,517,53,4/10/2022,15,0.00
7292,287,117,4/11/2022,6,0.00
7293,758,183,4/12/2022,8,28.00
7294,176,246,4/12/2022,8,0.00
7295,150,279,4/14/2022,10,0.00
7296,479,84,4/15/2022,5,8.00
7297,561,186,4/15/2022,5,11.00
7298,753,296,4/15/2022,5,0.00
7299,170,236,4/15/2022,5,0.00
7300,510,197,4/16/2022,2,8.00
7301,356,4,4/16/2022,12,0.00
7302,767,286,4/17/2022,11,0.00
7303,117,207,4/17/2022,10,0.00
7304,856,136,4/19/2022,15,11.00
7305,311,43,4/19/2022,2,0.00
7306,660,17,4/21/2022,3,0.00
7307,134,258,4/21/2022,9,0.00
7308,283,214,4/21/2022,9,8.00
7309,743,8,4/23/2022,2,0.00
7310,96,192,4/24/2022,7,0.00
7311,741,168,4/25/2022,1,0.00
7312,481,83,4/25/2022,9,0.00
7313,579,32,4/26/2022,10,0.00
7314,459,40,4/27/2022,8,0.00
7315,645,287,4/27/2022,6,0.00
7316,55,275,4/27/2022,1,0.00
7317,9,32,4/28/2022,6,0.00
7318,700,108,4/28/2022,3,0.00
7319,654,121,4/28/2022,6,0.00
7320,144,241,4/29/2022,9,0.00
7321,430,115,5/2/2022,8,0.00
7322,336,136,5/2/2022,14,0.00
7323,316,44,5/3/2022,10,10.00
7324,220,37,5/3/2022,4,7.00
7325,507,276,5/3/2022,1,0.00
7326,498,99,5/5/2022,2,0.00
7327,599,167,5/5/2022,2,8.00
7328,8,22,5/5/2022,14,0.00
7329,404,28,5/5/2022,13,0.00
7330,221,122,5/6/2022,12,0.00
7331,742,92,5/7/2022,13,0.00
7332,503,258,5/9/2022,12,0.00
7333,492,80,5/9/2022,8,0.00
7334,770,200,5/9/2022,9,0.00
7335,550,168,5/11/2022,11,11.00
7336,13,181,5/11/2022,12,8.00
7337,108,256,5/12/2022,3,0.00
7338,225,155,5/13/2022,7,0.00
7339,913,222,5/14/2022,10,0.00
7340,365,124,5/17/2022,1,0.00
7341,596,2,5/17/2022,1,0.00
7342,462,98,5/20/2022,1,12.00
7343,34,97,5/21/2022,11,11.00
7344,103,31,5/21/2022,4,7.00
7345,939,166,5/22/2022,13,0.00
7346,608,59,5/23/2022,6,0.00
7347,64,206,5/24/2022,3,11.00
7348,694,59,5/26/2022,9,10.00
7349,764,132,5/28/2022,6,11.00
7350,586,152,5/30/2022,2,0.00
7351,144,245,5/31/2022,9,0.00
7352,532,299,6/1/2022,12,0.00
7353,835,110,6/2/2022,15,0.00
7354,30,51,6/2/2022,11,12.00
7355,398,41,6/2/2022,9,7.00
7356,498,147,6/3/2022,8,0.00
7357,855,23,6/5/2022,14,0.00
7358,870,90,6/5/2022,8,0.00
7359,380,275,6/7/2022,2,0.00
7360,453,297,6/7/2022,4,0.00
7361,827,231,6/10/2022,6,0.00
7362,868,84,6/11/2022,10,0.00
7363,947,25,6/12/2022,6,0.00
7364,634,238,6/13/2022,4,0.00
7365,189,109,6/14/2022,3,0.00
7366,70,279,6/15/2022,11,0.00
7367,249,168,6/16/2022,1,0.00
7368,534,152,6/17/2022,4,0.00
7369,526,154,6/17/2022,9,0.00
7370,711,246,6/18/2022,13,0.00
7371,881,4,6/20/2022,9,0.00
7372,854,244,6/20/2022,12,0.00
7373,939,243,6/21/2022,9,0.00
7374,193,178,6/21/2022,7,28.00
7375,466,254,6/22/2022,9,0.00
7376,191,294,6/22/2022,9,0.00
7377,919,255,6/23/2022,6,0.00
7378,928,78,6/24/2022,13,8.00
7379,195,124,6/25/2022,4,0.00
7380,799,181,6/25/2022,6,8.00
7381,89,89,6/25/2022,14,0.00
7382,80,66,6/26/2022,10,0.00
7383,995,203,6/27/2022,7,0.00
7384,643,280,6/28/2022,2,0.00
7385,48,183,6/28/2022,2,0.00
7386,37,9,6/29/2022,4,0.00
7387,820,14,6/29/2022,3,7.00
7388,508,57,6/29/2022,6,10.00
7389,163,297,6/30/2022,9,0.00
7390,313,245,7/1/2022,1,0.00
7391,628,236,7/1/2022,7,0.00
7392,850,257,7/2/2022,4,0.00
7393,583,66,7/2/2022,5,0.00
7394,390,177,7/3/2022,3,0.00
7395,253,111,7/4/2022,5,11.00
7396,187,138,7/4/2022,14,8.00
7397,495,93,7/4/2022,3,0.00
7398,702,84,7/5/2022,7,0.00
7399,743,121,7/6/2022,8,0.00
7400,665,141,7/7/2022,2,12.00
7401,697,84,7/7/2022,12,0.00
7402,508,278,7/8/2022,7,0.00
7403,199,191,7/10/2022,2,0.00
7404,805,222,7/10/2022,10,0.00
7405,843,4,7/13/2022,9,0.00
7406,212,242,7/13/2022,15,0.00
7407,109,113,7/14/2022,6,0.00
7408,461,112,7/15/2022,2,0.00
7409,707,219,7/16/2022,15,0.00
7410,472,171,7/16/2022,8,0.00
7411,590,224,7/17/2022,11,0.00
7412,220,287,7/18/2022,11,0.00
7413,634,105,7/19/2022,6,0.00
7414,683,224,7/21/2022,8,0.00
7415,159,172,7/21/2022,1,8.00
7416,116,288,7/23/2022,5,0.00
7417,218,76,7/24/2022,1,0.00
7418,987,13,7/25/2022,4,0.00
7419,252,218,7/25/2022,9,13.00
7420,198,6,7/25/2022,12,7.00
7421,574,188,7/25/2022,12,0.00
7422,750,256,7/26/2022,6,0.00
7423,385,25,7/26/2022,4,0.00
7424,160,57,7/26/2022,14,0.00
7425,353,245,7/27/2022,7,0.00
7426,626,3,7/27/2022,9,10.00
7427,489,70,7/28/2022,7,0.00
7428,571,246,8/1/2022,9,0.00
7429,581,156,8/3/2022,12,0.00
7430,780,38,8/4/2022,11,7.00
7431,67,116,8/4/2022,5,0.00
7432,444,222,8/4/2022,2,0.00
7433,123,173,8/6/2022,3,0.00
7434,831,275,8/8/2022,11,0.00
7435,260,81,8/9/2022,9,12.00
7436,146,105,8/9/2022,7,0.00
7437,57,17,8/9/2022,11,0.00
7438,976,48,8/9/2022,4,0.00
7439,797,218,8/10/2022,11,0.00
7440,512,268,8/10/2022,9,0.00
7441,977,264,8/11/2022,1,0.00
7442,211,88,8/11/2022,2,0.00
7443,299,64,8/13/2022,2,0.00
7444,751,152,8/13/2022,2,0.00
7445,388,46,8/13/2022,1,0.00
7446,261,55,8/13/2022,7,0.00
7447,756,147,8/13/2022,10,0.00
7448,573,217,8/17/2022,12,0.00
7449,499,137,8/18/2022,10,0.00
7450,765,250,8/18/2022,11,0.00
7451,557,287,8/18/2022,8,0.00
7452,50,33,8/19/2022,5,0.00
7453,394,208,8/19/2022,12,0.00
7454,628,274,8/20/2022,6,0.00
7455,748,56,8/21/2022,2,7.00
7456,72,276,8/22/2022,9,0.00
7457,847,116,8/23/2022,1,0.00
7458,129,166,8/24/2022,15,0.00
7459,903,125,8/24/2022,6,0.00
7460,770,256,8/24/2022,9,0.00
7461,851,135,8/25/2022,3,27.00
7462,156,251,8/26/2022,6,0.00
7463,283,146,8/27/2022,2,0.00
7464,138,122,8/30/2022,2,0.00
7465,709,139,8/31/2022,3,0.00
7466,64,50,8/31/2022,9,0.00
7467,924,127,9/1/2022,9,0.00
7468,86,79,9/3/2022,10,0.00
7469,178,52,9/4/2022,9,7.00
7470,329,232,9/5/2022,8,0.00
7471,473,166,9/5/2022,15,0.00
7472,436,179,9/5/2022,3,0.00
7473,123,236,9/6/2022,15,0.00
7474,244,10,9/9/2022,5,0.00
7475,270,19,9/10/2022,4,0.00
7476,866,254,9/10/2022,10,0.00
7477,918,65,9/11/2022,9,0.00
7478,458,298,9/11/2022,6,0.00
7479,787,66,9/12/2022,9,0.00
7480,494,110,9/13/2022,14,8.00
7481,853,85,9/14/2022,6,8.00
7482,477,166,9/14/2022,14,0.00
7483,715,17,9/14/2022,2,0.00
7484,927,110,9/14/2022,2,0.00
7485,810,280,9/17/2022,2,0.00
7486,720,114,9/17/2022,9,0.00
7487,269,1,9/18/2022,10,0.00
7488,669,72,9/18/2022,6,0.00
7489,689,171,9/18/2022,8,8.00
7491,475,87,9/21/2022,4,8.00
7492,79,212,9/21/2022,9,8.00
7493,974,55,9/22/2022,4,0.00
7494,364,181,9/22/2022,6,0.00
7495,406,6,9/22/2022,13,0.00
7496,371,288,9/24/2022,2,0.00
7497,514,156,9/24/2022,5,0.00
7498,724,165,9/26/2022,4,11.00
7499,263,5,9/27/2022,4,0.00
7500,428,274,9/28/2022,6,0.00
7501,723,269,9/29/2022,2,0.00
7502,25,3,9/30/2022,5,0.00
7503,778,258,9/30/2022,9,0.00
7504,815,59,9/30/2022,1,0.00
7505,877,237,10/3/2022,5,0.00
7506,705,115,10/5/2022,2,12.00
7507,122,196,10/5/2022,5,11.00
7508,303,57,10/6/2022,15,0.00
7509,651,31,10/7/2022,9,7.00
7510,635,55,10/8/2022,4,0.00
7511,279,233,10/10/2022,2,0.00
7512,417,280,10/11/2022,13,0.00
7513,649,178,10/15/2022,11,0.00
7514,98,50,10/15/2022,2,26.00
7515,96,122,10/18/2022,7,0.00
7516,559,234,10/18/2022,3,0.00
7517,387,114,10/18/2022,4,0.00
7518,829,44,10/19/2022,2,0.00
7519,986,226,10/20/2022,6,0.00
7520,479,18,10/21/2022,3,0.00
7521,590,259,10/21/2022,4,0.00
7522,278,177,10/21/2022,8,0.00
7523,437,249,10/21/2022,7,0.00
7524,395,69,10/25/2022,8,0.00
7525,257,21,10/25/2022,11,0.00
7526,602,233,10/25/2022,15,0.00
7527,187,58,10/26/2022,7,0.00
7528,665,189,10/26/2022,9,0.00
7529,90,144,10/26/2022,9,8.00
7530,905,165,10/27/2022,5,0.00
7531,554,57,10/28/2022,9,0.00
7532,458,165,10/28/2022,9,0.00
7533,968,220,10/28/2022,7,0.00
7534,313,179,10/30/2022,5,0.00
7535,977,76,10/30/2022,2,0.00
7536,486,140,10/30/2022,12,0.00
7537,828,134,10/31/2022,2,8.00
7538,813,275,11/1/2022,13,0.00
7539,366,210,11/1/2022,3,28.00
7540,976,223,11/2/2022,8,0.00
7541,440,299,11/2/2022,4,0.00
7542,893,187,11/2/2022,9,0.00
7543,769,129,11/3/2022,4,0.00
7544,611,207,11/4/2022,9,0.00
7545,80,116,11/4/2022,15,0.00
7546,711,247,11/4/2022,5,0.00
7547,544,157,11/5/2022,5,0.00
7548,962,30,11/6/2022,7,26.00
7549,7,5,11/7/2022,8,10.00
7550,926,80,11/7/2022,3,0.00
7551,95,131,11/7/2022,6,0.00
7552,92,208,11/11/2022,10,0.00
7553,200,54,11/12/2022,5,0.00
7554,753,177,11/13/2022,14,0.00
7555,441,59,11/15/2022,4,0.00
7556,886,101,11/16/2022,5,0.00
7557,168,51,11/16/2022,12,12.00
7559,694,121,11/18/2022,3,0.00
7560,979,245,11/19/2022,15,0.00
7561,335,16,11/20/2022,4,0.00
7562,324,19,11/20/2022,1,0.00
7563,549,72,11/21/2022,9,10.00
7564,857,226,11/23/2022,10,0.00
7565,357,226,11/23/2022,11,0.00
7566,961,42,11/24/2022,9,7.00
7567,275,17,11/28/2022,2,0.00
7568,534,41,11/28/2022,14,7.00
7569,548,75,11/29/2022,14,0.00
7570,256,28,12/1/2022,14,0.00
7571,306,95,12/1/2022,4,0.00
7572,7,203,12/2/2022,14,0.00
7573,967,142,12/2/2022,2,0.00
7574,430,52,12/3/2022,7,0.00
7575,30,255,12/3/2022,12,0.00
7576,763,64,12/3/2022,2,0.00
7577,418,110,12/4/2022,3,8.00
7578,371,32,12/5/2022,12,0.00
7579,321,55,12/8/2022,2,0.00
7580,550,36,12/9/2022,6,0.00
7581,886,171,12/9/2022,4,0.00
7582,922,253,12/9/2022,15,0.00
7583,988,193,12/9/2022,2,8.00
7584,576,101,12/11/2022,6,0.00
7585,269,221,12/11/2022,15,0.00
7586,175,186,12/12/2022,4,11.00
7587,165,148,12/17/2022,9,0.00
7588,362,221,12/18/2022,6,0.00
7589,668,275,12/18/2022,4,0.00
7590,603,135,12/19/2022,14,27.00
7591,287,149,12/20/2022,9,0.00
7592,11,204,12/21/2022,10,0.00
7593,80,163,12/21/2022,12,0.00
7594,638,190,12/21/2022,9,0.00
7595,658,221,12/23/2022,13,0.00
7596,993,231,12/23/2022,9,0.00
7597,670,202,12/23/2022,1,0.00
7598,6,99,12/24/2022,9,0.00
7599,367,217,12/27/2022,9,0.00
7600,875,160,12/27/2022,8,0.00
7601,68,234,12/28/2022,2,0.00
7602,173,218,12/28/2022,9,13.00
7603,664,108,12/30/2022,2,0.00
7604,919,91,12/30/2022,7,0.00
7605,868,44,12/30/2022,9,10.00
7606,770,62,12/31/2022,10,0.00
7607,985,117,12/31/2022,6,0.00
